Workbook

Sheet 2024 Data
A1: Foi - 2024 monthly data
A2: Frequency: [M] Monthly
A3: Territory: [IT] Italy
A4: Indicator: [55] Consumer price index for blue and white-collar worker households (base 2015=100) - monthly data
A5: Measure: [4] Index number
A7: Time | B7: 2024-01 | C7: 2024-02 | D7: 2024-03 | E7: 2024-04 | F7: 2024-05 | G7: 2024-06 | H7: 2024-07 | I7: 2024-08 | J7: 2024-09 | K7: 2024-10 | L7: 2024-11 | M7: 2024-12
A8: ECOICOP Rev. Istat | B8: =CHOOSE(VALUE(RIGHT(TRIM(B7),2)), "JANUARY", "FEBRUARY", "MARCH", "APRIL", "MAY", "JUNE", "JULY", "AUGUST", "SEPTEMBER", "OCTOBER", "NOVEMBER", "DECEMBER") -> JANUARY | C8: =CHOOSE(VALUE(RIGHT(TRIM(C7),2)), "JANUARY", "FEBRUARY", "MARCH", "APRIL", "MAY", "JUNE", "JULY", "AUGUST", "SEPTEMBER", "OCTOBER", "NOVEMBER", "DECEMBER") -> FEBRUARY | D8: =CHOOSE(VALUE(RIGHT(TRIM(D7),2)), "JANUARY", "FEBRUARY", "MARCH", "APRIL", "MAY", "JUNE", "JULY", "AUGUST", "SEPTEMBER", "OCTOBER", "NOVEMBER", "DECEMBER") -> MARCH | E8: =CHOOSE(VALUE(RIGHT(TRIM(E7),2)), "JANUARY", "FEBRUARY", "MARCH", "APRIL", "MAY", "JUNE", "JULY", "AUGUST", "SEPTEMBER", "OCTOBER", "NOVEMBER", "DECEMBER") -> APRIL | F8: =CHOOSE(VALUE(RIGHT(TRIM(F7),2)), "JANUARY", "FEBRUARY", "MARCH", "APRIL", "MAY", "JUNE", "JULY", "AUGUST", "SEPTEMBER", "OCTOBER", "NOVEMBER", "DECEMBER") -> MAY | G8: =CHOOSE(VALUE(RIGHT(TRIM(G7),2)), "JANUARY", "FEBRUARY", "MARCH", "APRIL", "MAY", "JUNE", "JULY", "AUGUST", "SEPTEMBER", "OCTOBER", "NOVEMBER", "DECEMBER") -> JUNE | H8: =CHOOSE(VALUE(RIGHT(TRIM(H7),2)), "JANUARY", "FEBRUARY", "MARCH", "APRIL", "MAY", "JUNE", "JULY", "AUGUST", "SEPTEMBER", "OCTOBER", "NOVEMBER", "DECEMBER") -> JULY | I8: =CHOOSE(VALUE(RIGHT(TRIM(I7),2)), "JANUARY", "FEBRUARY", "MARCH", "APRIL", "MAY", "JUNE", "JULY", "AUGUST", "SEPTEMBER", "OCTOBER", "NOVEMBER", "DECEMBER") -> AUGUST | ... M8: =CHOOSE(VALUE(RIGHT(TRIM(M7),2)), "JANUARY", "FEBRUARY", "MARCH", "APRIL", "MAY", "JUNE", "JULY", "AUGUST", "SEPTEMBER", "OCTOBER", "NOVEMBER", "DECEMBER") -> DECEMBER
A9: [OR0] COICOP_2015 | B9: .. | C9: .. | D9: .. | E9: .. | F9: .. | G9: .. | H9: .. | I9: .. | J9: .. | K9: .. | L9: .. | M9: ..
A10: [00] All items | B10: 119.2 | C10: 119.3 | D10: 119.3 | E10: 119.3 | F10: 119.5 | G10: 119.5 | H10: 120 | I10: 120.1 | J10: 120 | K10: 120 | L10: 120 | M10: 120.2
A11: [01] -- food and non-alcoholic beverages | B11: 130 | C11: 129.7 | D11: 129.5 | E11: 129.5 | F11: 130.1 | G11: 129.9 | H11: 129.3 | I11: 129.5 | J11: 129.8 | K11: 131.3 | L11: 132.2 | M11: 131.7
A12: [02] -- alcoholic beverages and tobacco | B12: 116 | C12: 118 | D12: 117.6 | E12: 119 | F12: 119.1 | G12: 119.1 | H12: 119 | I12: 119.1 | J12: 119.1 | K12: 118.9 | L12: 119 | M12: 118.5
A13: [03] -- clothing and footwear | B13: 108.3 | C13: 108.3 | D13: 108.5 | E13: 108.5 | F13: 108.5 | G13: 108.5 | H13: 108.4 | I13: 108.4 | J13: 108.9 | K13: 108.9 | L13: 109 | M13: 109.1
A14: [04] -- housing, water, electricity, gas and other fuels | B14: 143.8 | C14: 141.3 | D14: 139.4 | E14: 135.8 | F14: 135.8 | G14: 136.4 | H14: 140 | I14: 140.4 | J14: 140.9 | K14: 141.2 | L14: 141.7 | M14: 142.2
A15: [05] -- furnishings, household equipment and routine household maintenance | B15: 114.9 | C15: 114.9 | D15: 115.1 | E15: 115 | F15: 114.9 | G15: 114.9 | H15: 114.8 | I15: 114.8 | J15: 115 | K15: 114.6 | L15: 114.8 | M15: 114.8
A16: [06] -- health | B16: 106.5 | C16: 106.7 | D16: 107 | E16: 107.1 | F16: 107.2 | G16: 107.3 | H16: 107.4 | I16: 107.4 | J16: 107.5 | K16: 107.6 | L16: 107.6 | M16: 107.7
A17: [07] -- transport | B17: 121.6 | C17: 123.3 | D17: 124 | E17: 124.7 | F17: 124.2 | G17: 123.7 | H17: 124.3 | I17: 124.4 | J17: 122.3 | K17: 121.9 | L17: 122 | M17: 122.7
A18: [08] -- communication | B18: 72.7 | C18: 71.9 | D18: 71.5 | E18: 71 | F18: 70.1 | G18: 69.9 | H18: 69.5 | I18: 69.2 | J18: 69.2 | K18: 69 | L18: 68 | M18: 68.1
A19: [09] -- recreation and culture | B19: 106.4 | C19: 106.7 | D19: 106.4 | E19: 106.4 | F19: 106.7 | G19: 106.5 | H19: 107.1 | I19: 107.6 | J19: 106.9 | K19: 106.5 | L19: 105.8 | M19: 106.4
A20: [10] -- education | B20: 88.3 | C20: 88.3 | D20: 88.3 | E20: 88.3 | F20: 88.3 | G20: 88.3 | H20: 88.3 | I20: 88.4 | J20: 89 | K20: 90.6 | L20: 90.7 | M20: 90.7
A21: [11] -- restaurants and hotels | B21: 122.3 | C21: 122.8 | D21: 123.3 | E21: 125 | F21: 126.3 | G21: 127.2 | H21: 127.8 | I21: 127.6 | J21: 128.3 | K21: 127.3 | L21: 125.9 | M21: 125.6
... A23: [00ST] All items excluded tobacco | B23: 119.3 | C23: 119.3 | D23: 119.4 | E23: 119.3 | F23: 119.5 | G23: 119.5 | H23: 120 | I23: 120.1 | J23: 120 | K23: 120.1 | L23: 120.1 | M23: 120.2

Sheet FOI ANALYSIS
A1: Foi - 2024 Data Analysis
A2: =NOW() -> 46203.856
A3: Territory: [IT] Italy
A7: ANALYSIS | B7: ECOICOP Code | C7: 2024 Average | D7: Category Rank | E7: 2024 Maximum Value | F7: 2024 Minimum Value | G7: Absolute Difference (Jan-Dec Net Variation) | H7: Stable and Low Trend Categories | I7: Categories with Constant Price Increase | J7: Data Completeness and Missing Values Check | K7: Food and Transport Correlation
A8: All items | B8: =MID('2024 Data'!A10, SEARCH("[", '2024 Data'!A10)+1, SEARCH("]", '2024 Data'!A10) - SEARCH("[", '2024 Data'!A10) - 1) -> 00 | C8: =ROUND(AVERAGE('2024 Data'!B10:M10), 2) -> 119.7 | D8: =_xlfn.RANK.EQ(ROUND(AVERAGE('2024 Data'!B10:M10), 2), $C$8:$C$21) -> 6 | E8: =CONCATENATE(MAX('2024 Data'!B10:M10), " : ", PROPER(INDEX('2024 Data'!B$8:M$8, MATCH(MAX('2024 Data'!B10:M10), '2024 Data'!B10:M10, 0)))) -> 120,2 : December | F8: =CONCATENATE(MIN('2024 Data'!B10:M10), " : ", PROPER(INDEX('2024 Data'!B$8:M$8, MATCH(MIN('2024 Data'!B10:M10), '2024 Data'!B10:M10, 0)))) -> 119,2 : January | G8: =ABS('2024 Data'!M10 - '2024 Data'!B10) -> 1 | H8: =IF(AND(AVERAGE('2024 Data'!B10:M10)<120, (MAX('2024 Data'!B10:M10)-MIN('2024 Data'!B10:M10))/AVERAGE('2024 Data'!B10:M10)<0.05), "Stable and low", "Not stable or high") -> Stable and low | I8: =IFERROR(IF(SUMPRODUCT(--('2024 Data'!B10:L10 <= '2024 Data'!C10:M10)) = COLUMNS('2024 Data'!B10:M10) - 1, "Constant increase", "Not constant"), "Insufficient data") -> Not constant | J8: =IF(COUNTA(B8:I21)=ROWS(B8:I21)*COLUMNS(B8:I21), "Complete, no empty values", "Incomplete– " & COUNTBLANK(B8:I21) & " empty values") -> Complete, no empty values | K8: =CORREL('2024 Data'!B11:M11, '2024 Data'!B17:M17) -> -0.64851563
A9: food and non-alcoholic beverages | B9: =MID('2024 Data'!A11, SEARCH("[", '2024 Data'!A11)+1, SEARCH("]", '2024 Data'!A11) - SEARCH("[", '2024 Data'!A11) - 1) -> 01 | C9: =ROUND(AVERAGE('2024 Data'!B11:M11), 2) -> 130.21 | D9: =_xlfn.RANK.EQ(ROUND(AVERAGE('2024 Data'!B11:M11), 2), $C$8:$C$21) -> 2 | E9: =CONCATENATE(MAX('2024 Data'!B11:M11), " : ", PROPER(INDEX('2024 Data'!B$8:M$8, MATCH(MAX('2024 Data'!B11:M11), '2024 Data'!B11:M11, 0)))) -> 132,2 : November | F9: =CONCATENATE(MIN('2024 Data'!B11:M11), " : ", PROPER(INDEX('2024 Data'!B$8:M$8, MATCH(MIN('2024 Data'!B11:M11), '2024 Data'!B11:M11, 0)))) -> 129,3 : July | G9: =ABS('2024 Data'!M11 - '2024 Data'!B11) -> 1.7 | H9: =IF(AND(AVERAGE('2024 Data'!B11:M11)<120, (MAX('2024 Data'!B11:M11)-MIN('2024 Data'!B11:M11))/AVERAGE('2024 Data'!B11:M11)<0.05), "Stable and low", "Not stable or high") -> Not stable or high | I9: =IFERROR(IF(SUMPRODUCT(--('2024 Data'!B11:L11 <= '2024 Data'!C11:M11)) = COLUMNS('2024 Data'!B11:M11) - 1, "Constant increase", "Not constant"), "Insufficient data") -> Not constant
A10: alcoholic beverages and tobacco | B10: =MID('2024 Data'!A12, SEARCH("[", '2024 Data'!A12)+1, SEARCH("]", '2024 Data'!A12) - SEARCH("[", '2024 Data'!A12) - 1) -> 02 | C10: =ROUND(AVERAGE('2024 Data'!B12:M12), 2) -> 118.53 | D10: =_xlfn.RANK.EQ(ROUND(AVERAGE('2024 Data'!B12:M12), 2), $C$8:$C$21) -> 7 | E10: =CONCATENATE(MAX('2024 Data'!B12:M12), " : ", PROPER(INDEX('2024 Data'!B$8:M$8, MATCH(MAX('2024 Data'!B12:M12), '2024 Data'!B12:M12, 0)))) -> 119,1 : May | F10: =CONCATENATE(MIN('2024 Data'!B12:M12), " : ", PROPER(INDEX('2024 Data'!B$8:M$8, MATCH(MIN('2024 Data'!B12:M12), '2024 Data'!B12:M12, 0)))) -> 116 : January | G10: =ABS('2024 Data'!M12 - '2024 Data'!B12) -> 2.5 | H10: =IF(AND(AVERAGE('2024 Data'!B12:M12)<120, (MAX('2024 Data'!B12:M12)-MIN('2024 Data'!B12:M12))/AVERAGE('2024 Data'!B12:M12)<0.05), "Stable and low", "Not stable or high") -> Stable and low | I10: =IFERROR(IF(SUMPRODUCT(--('2024 Data'!B12:L12 <= '2024 Data'!C12:M12)) = COLUMNS('2024 Data'!B12:M12) - 1, "Constant increase", "Not constant"), "Insufficient data") -> Not constant
A11: clothing and footwear | B11: =MID('2024 Data'!A13, SEARCH("[", '2024 Data'!A13)+1, SEARCH("]", '2024 Data'!A13) - SEARCH("[", '2024 Data'!A13) - 1) -> 03 | C11: =ROUND(AVERAGE('2024 Data'!B13:M13), 2) -> 108.61 | D11: =_xlfn.RANK.EQ(ROUND(AVERAGE('2024 Data'!B13:M13), 2), $C$8:$C$21) -> 10 | E11: =CONCATENATE(MAX('2024 Data'!B13:M13), " : ", PROPER(INDEX('2024 Data'!B$8:M$8, MATCH(MAX('2024 Data'!B13:M13), '2024 Data'!B13:M13, 0)))) -> 109,1 : December | F11: =CONCATENATE(MIN('2024 Data'!B13:M13), " : ", PROPER(INDEX('2024 Data'!B$8:M$8, MATCH(MIN('2024 Data'!B13:M13), '2024 Data'!B13:M13, 0)))) -> 108,3 : January | G11: =ABS('2024 Data'!M13 - '2024 Data'!B13) -> 0.8 | H11: =IF(AND(AVERAGE('2024 Data'!B13:M13)<120, (MAX('2024 Data'!B13:M13)-MIN('2024 Data'!B13:M13))/AVERAGE('2024 Data'!B13:M13)<0.05), "Stable and low", "Not stable or high") -> Stable and low | I11: =IFERROR(IF(SUMPRODUCT(--('2024 Data'!B13:L13 <= '2024 Data'!C13:M13)) = COLUMNS('2024 Data'!B13:M13) - 1, "Constant increase", "Not constant"), "Insufficient data") -> Not constant
A12: housing, water, electricity, gas and other fuels | B12: =MID('2024 Data'!A14, SEARCH("[", '2024 Data'!A14)+1, SEARCH("]", '2024 Data'!A14) - SEARCH("[", '2024 Data'!A14) - 1) -> 04 | C12: =ROUND(AVERAGE('2024 Data'!B14:M14), 2) -> 139.91 | D12: =_xlfn.RANK.EQ(ROUND(AVERAGE('2024 Data'!B14:M14), 2), $C$8:$C$21) -> 1 | E12: =CONCATENATE(MAX('2024 Data'!B14:M14), " : ", PROPER(INDEX('2024 Data'!B$8:M$8, MATCH(MAX('2024 Data'!B14:M14), '2024 Data'!B14:M14, 0)))) -> 143,8 : January | F12: =CONCATENATE(MIN('2024 Data'!B14:M14), " : ", PROPER(INDEX('2024 Data'!B$8:M$8, MATCH(MIN('2024 Data'!B14:M14), '2024 Data'!B14:M14, 0)))) -> 135,8 : April | G12: =ABS('2024 Data'!M14 - '2024 Data'!B14) -> 1.6 | H12: =IF(AND(AVERAGE('2024 Data'!B14:M14)<120, (MAX('2024 Data'!B14:M14)-MIN('2024 Data'!B14:M14))/AVERAGE('2024 Data'!B14:M14)<0.05), "Stable and low", "Not stable or high") -> Not stable or high | I12: =IFERROR(IF(SUMPRODUCT(--('2024 Data'!B14:L14 <= '2024 Data'!C14:M14)) = COLUMNS('2024 Data'!B14:M14) - 1, "Constant increase", "Not constant"), "Insufficient data") -> Not constant
A13: furnishings, household equipment and routine household maintenance | B13: =MID('2024 Data'!A15, SEARCH("[", '2024 Data'!A15)+1, SEARCH("]", '2024 Data'!A15) - SEARCH("[", '2024 Data'!A15) - 1) -> 05 | C13: =ROUND(AVERAGE('2024 Data'!B15:M15), 2) -> 114.88 | D13: =_xlfn.RANK.EQ(ROUND(AVERAGE('2024 Data'!B15:M15), 2), $C$8:$C$21) -> 9 | E13: =CONCATENATE(MAX('2024 Data'!B15:M15), " : ", PROPER(INDEX('2024 Data'!B$8:M$8, MATCH(MAX('2024 Data'!B15:M15), '2024 Data'!B15:M15, 0)))) -> 115,1 : March | F13: =CONCATENATE(MIN('2024 Data'!B15:M15), " : ", PROPER(INDEX('2024 Data'!B$8:M$8, MATCH(MIN('2024 Data'!B15:M15), '2024 Data'!B15:M15, 0)))) -> 114,6 : October | G13: =ABS('2024 Data'!M15 - '2024 Data'!B15) -> 0.1 | H13: =IF(AND(AVERAGE('2024 Data'!B15:M15)<120, (MAX('2024 Data'!B15:M15)-MIN('2024 Data'!B15:M15))/AVERAGE('2024 Data'!B15:M15)<0.05), "Stable and low", "Not stable or high") -> Stable and low | I13: =IFERROR(IF(SUMPRODUCT(--('2024 Data'!B15:L15 <= '2024 Data'!C15:M15)) = COLUMNS('2024 Data'!B15:M15) - 1, "Constant increase", "Not constant"), "Insufficient data") -> Not constant
A14: health | B14: =MID('2024 Data'!A16, SEARCH("[", '2024 Data'!A16)+1, SEARCH("]", '2024 Data'!A16) - SEARCH("[", '2024 Data'!A16) - 1) -> 06 | C14: =ROUND(AVERAGE('2024 Data'!B16:M16), 2) -> 107.25 | D14: =_xlfn.RANK.EQ(ROUND(AVERAGE('2024 Data'!B16:M16), 2), $C$8:$C$21) -> 11 | E14: =CONCATENATE(MAX('2024 Data'!B16:M16), " : ", PROPER(INDEX('2024 Data'!B$8:M$8, MATCH(MAX('2024 Data'!B16:M16), '2024 Data'!B16:M16, 0)))) -> 107,7 : December | F14: =CONCATENATE(MIN('2024 Data'!B16:M16), " : ", PROPER(INDEX('2024 Data'!B$8:M$8, MATCH(MIN('2024 Data'!B16:M16), '2024 Data'!B16:M16, 0)))) -> 106,5 : January | G14: =ABS('2024 Data'!M16 - '2024 Data'!B16) -> 1.2 | H14: =IF(AND(AVERAGE('2024 Data'!B16:M16)<120, (MAX('2024 Data'!B16:M16)-MIN('2024 Data'!B16:M16))/AVERAGE('2024 Data'!B16:M16)<0.05), "Stable and low", "Not stable or high") -> Stable and low | I14: =IFERROR(IF(SUMPRODUCT(--('2024 Data'!B16:L16 <= '2024 Data'!C16:M16)) = COLUMNS('2024 Data'!B16:M16) - 1, "Constant increase", "Not constant"), "Insufficient data") -> Constant increase
A15: transport | B15: =MID('2024 Data'!A17, SEARCH("[", '2024 Data'!A17)+1, SEARCH("]", '2024 Data'!A17) - SEARCH("[", '2024 Data'!A17) - 1) -> 07 | C15: =ROUND(AVERAGE('2024 Data'!B17:M17), 2) -> 123.26 | D15: =_xlfn.RANK.EQ(ROUND(AVERAGE('2024 Data'!B17:M17), 2), $C$8:$C$21) -> 4 | E15: =CONCATENATE(MAX('2024 Data'!B17:M17), " : ", PROPER(INDEX('2024 Data'!B$8:M$8, MATCH(MAX('2024 Data'!B17:M17), '2024 Data'!B17:M17, 0)))) -> 124,7 : April | F15: =CONCATENATE(MIN('2024 Data'!B17:M17), " : ", PROPER(INDEX('2024 Data'!B$8:M$8, MATCH(MIN('2024 Data'!B17:M17), '2024 Data'!B17:M17, 0)))) -> 121,6 : January | G15: =ABS('2024 Data'!M17 - '2024 Data'!B17) -> 1.1 | H15: =IF(AND(AVERAGE('2024 Data'!B17:M17)<120, (MAX('2024 Data'!B17:M17)-MIN('2024 Data'!B17:M17))/AVERAGE('2024 Data'!B17:M17)<0.05), "Stable and low", "Not stable or high") -> Not stable or high | I15: =IFERROR(IF(SUMPRODUCT(--('2024 Data'!B17:L17 <= '2024 Data'!C17:M17)) = COLUMNS('2024 Data'!B17:M17) - 1, "Constant increase", "Not constant"), "Insufficient data") -> Not constant
A16: communication | B16: =MID('2024 Data'!A18, SEARCH("[", '2024 Data'!A18)+1, SEARCH("]", '2024 Data'!A18) - SEARCH("[", '2024 Data'!A18) - 1) -> 08 | C16: =ROUND(AVERAGE('2024 Data'!B18:M18), 2) -> 70.01 | D16: =_xlfn.RANK.EQ(ROUND(AVERAGE('2024 Data'!B18:M18), 2), $C$8:$C$21) -> 14 | E16: =CONCATENATE(MAX('2024 Data'!B18:M18), " : ", PROPER(INDEX('2024 Data'!B$8:M$8, MATCH(MAX('2024 Data'!B18:M18), '2024 Data'!B18:M18, 0)))) -> 72,7 : January | F16: =CONCATENATE(MIN('2024 Data'!B18:M18), " : ", PROPER(INDEX('2024 Data'!B$8:M$8, MATCH(MIN('2024 Data'!B18:M18), '2024 Data'!B18:M18, 0)))) -> 68 : November | G16: =ABS('2024 Data'!M18 - '2024 Data'!B18) -> 4.6 | H16: =IF(AND(AVERAGE('2024 Data'!B18:M18)<120, (MAX('2024 Data'!B18:M18)-MIN('2024 Data'!B18:M18))/AVERAGE('2024 Data'!B18:M18)<0.05), "Stable and low", "Not stable or high") -> Not stable or high | I16: =IFERROR(IF(SUMPRODUCT(--('2024 Data'!B18:L18 <= '2024 Data'!C18:M18)) = COLUMNS('2024 Data'!B18:M18) - 1, "Constant increase", "Not constant"), "Insufficient data") -> Not constant
A17: recreation and culture | B17: =MID('2024 Data'!A19, SEARCH("[", '2024 Data'!A19)+1, SEARCH("]", '2024 Data'!A19) - SEARCH("[", '2024 Data'!A19) - 1) -> 09 | C17: =ROUND(AVERAGE('2024 Data'!B19:M19), 2) -> 106.62 | D17: =_xlfn.RANK.EQ(ROUND(AVERAGE('2024 Data'!B19:M19), 2), $C$8:$C$21) -> 12 | E17: =CONCATENATE(MAX('2024 Data'!B19:M19), " : ", PROPER(INDEX('2024 Data'!B$8:M$8, MATCH(MAX('2024 Data'!B19:M19), '2024 Data'!B19:M19, 0)))) -> 107,6 : August | F17: =CONCATENATE(MIN('2024 Data'!B19:M19), " : ", PROPER(INDEX('2024 Data'!B$8:M$8, MATCH(MIN('2024 Data'!B19:M19), '2024 Data'!B19:M19, 0)))) -> 105,8 : November | G17: =ABS('2024 Data'!M19 - '2024 Data'!B19) -> 0 | H17: =IF(AND(AVERAGE('2024 Data'!B19:M19)<120, (MAX('2024 Data'!B19:M19)-MIN('2024 Data'!B19:M19))/AVERAGE('2024 Data'!B19:M19)<0.05), "Stable and low", "Not stable or high") -> Stable and low | I17: =IFERROR(IF(SUMPRODUCT(--('2024 Data'!B19:L19 <= '2024 Data'!C19:M19)) = COLUMNS('2024 Data'!B19:M19) - 1, "Constant increase", "Not constant"), "Insufficient data") -> Not constant
A18: education | B18: =MID('2024 Data'!A20, SEARCH("[", '2024 Data'!A20)+1, SEARCH("]", '2024 Data'!A20) - SEARCH("[", '2024 Data'!A20) - 1) -> 10 | C18: =ROUND(AVERAGE('2024 Data'!B20:M20), 2) -> 88.96 | D18: =_xlfn.RANK.EQ(ROUND(AVERAGE('2024 Data'!B20:M20), 2), $C$8:$C$21) -> 13 | E18: =CONCATENATE(MAX('2024 Data'!B20:M20), " : ", PROPER(INDEX('2024 Data'!B$8:M$8, MATCH(MAX('2024 Data'!B20:M20), '2024 Data'!B20:M20, 0)))) -> 90,7 : November | F18: =CONCATENATE(MIN('2024 Data'!B20:M20), " : ", PROPER(INDEX('2024 Data'!B$8:M$8, MATCH(MIN('2024 Data'!B20:M20), '2024 Data'!B20:M20, 0)))) -> 88,3 : January | G18: =ABS('2024 Data'!M20 - '2024 Data'!B20) -> 2.4 | H18: =IF(AND(AVERAGE('2024 Data'!B20:M20)<120, (MAX('2024 Data'!B20:M20)-MIN('2024 Data'!B20:M20))/AVERAGE('2024 Data'!B20:M20)<0.05), "Stable and low", "Not stable or high") -> Stable and low | I18: =IFERROR(IF(SUMPRODUCT(--('2024 Data'!B20:L20 <= '2024 Data'!C20:M20)) = COLUMNS('2024 Data'!B20:M20) - 1, "Constant increase", "Not constant"), "Insufficient data") -> Constant increase
A19: restaurants and hotels | B19: =MID('2024 Data'!A21, SEARCH("[", '2024 Data'!A21)+1, SEARCH("]", '2024 Data'!A21) - SEARCH("[", '2024 Data'!A21) - 1) -> 11 | C19: =ROUND(AVERAGE('2024 Data'!B21:M21), 2) -> 125.78 | D19: =_xlfn.RANK.EQ(ROUND(AVERAGE('2024 Data'!B21:M21), 2), $C$8:$C$21) -> 3 | E19: =CONCATENATE(MAX('2024 Data'!B21:M21), " : ", PROPER(INDEX('2024 Data'!B$8:M$8, MATCH(MAX('2024 Data'!B21:M21), '2024 Data'!B21:M21, 0)))) -> 128,3 : September | F19: =CONCATENATE(MIN('2024 Data'!B21:M21), " : ", PROPER(INDEX('2024 Data'!B$8:M$8, MATCH(MIN('2024 Data'!B21:M21), '2024 Data'!B21:M21, 0)))) -> 122,3 : January | G19: =ABS('2024 Data'!M21 - '2024 Data'!B21) -> 3.3 | H19: =IF(AND(AVERAGE('2024 Data'!B21:M21)<120, (MAX('2024 Data'!B21:M21)-MIN('2024 Data'!B21:M21))/AVERAGE('2024 Data'!B21:M21)<0.05), "Stable and low", "Not stable or high") -> Not stable or high | I19: =IFERROR(IF(SUMPRODUCT(--('2024 Data'!B21:L21 <= '2024 Data'!C21:M21)) = COLUMNS('2024 Data'!B21:M21) - 1, "Constant increase", "Not constant"), "Insufficient data") -> Not constant
A20: miscellaneous goods and services | B20: =MID('2024 Data'!A22, SEARCH("[", '2024 Data'!A22)+1, SEARCH("]", '2024 Data'!A22) - SEARCH("[", '2024 Data'!A22) - 1) -> 12 | C20: =ROUND(AVERAGE('2024 Data'!B22:M22), 2) -> 117.81 | D20: =_xlfn.RANK.EQ(ROUND(AVERAGE('2024 Data'!B22:M22), 2), $C$8:$C$21) -> 8 | E20: =CONCATENATE(MAX('2024 Data'!B22:M22), " : ", PROPER(INDEX('2024 Data'!B$8:M$8, MATCH(MAX('2024 Data'!B22:M22), '2024 Data'!B22:M22, 0)))) -> 119,3 : December | F20: =CONCATENATE(MIN('2024 Data'!B22:M22), " : ", PROPER(INDEX('2024 Data'!B$8:M$8, MATCH(MIN('2024 Data'!B22:M22), '2024 Data'!B22:M22, 0)))) -> 116,3 : January | G20: =ABS('2024 Data'!M22 - '2024 Data'!B22) -> 3 | H20: =IF(AND(AVERAGE('2024 Data'!B22:M22)<120, (MAX('2024 Data'!B22:M22)-MIN('2024 Data'!B22:M22))/AVERAGE('2024 Data'!B22:M22)<0.05), "Stable and low", "Not stable or high") -> Stable and low | I20: =IFERROR(IF(SUMPRODUCT(--('2024 Data'!B22:L22 <= '2024 Data'!C22:M22)) = COLUMNS('2024 Data'!B22:M22) - 1, "Constant increase", "Not constant"), "Insufficient data") -> Constant increase
A21: All items excluded tobacco | B21: =MID('2024 Data'!A23, SEARCH("[", '2024 Data'!A23)+1, SEARCH("]", '2024 Data'!A23) - SEARCH("[", '2024 Data'!A23) - 1) -> 00ST | C21: =ROUND(AVERAGE('2024 Data'!B23:M23), 2) -> 119.73 | D21: =_xlfn.RANK.EQ(ROUND(AVERAGE('2024 Data'!B23:M23), 2), $C$8:$C$21) -> 5 | E21: =CONCATENATE(MAX('2024 Data'!B23:M23), " : ", PROPER(INDEX('2024 Data'!B$8:M$8, MATCH(MAX('2024 Data'!B23:M23), '2024 Data'!B23:M23, 0)))) -> 120,2 : December | F21: =CONCATENATE(MIN('2024 Data'!B23:M23), " : ", PROPER(INDEX('2024 Data'!B$8:M$8, MATCH(MIN('2024 Data'!B23:M23), '2024 Data'!B23:M23, 0)))) -> 119,3 : January | G21: =ABS('2024 Data'!M23 - '2024 Data'!B23) -> 0.9 | H21: =IF(AND(AVERAGE('2024 Data'!B23:M23)<120, (MAX('2024 Data'!B23:M23)-MIN('2024 Data'!B23:M23))/AVERAGE('2024 Data'!B23:M23)<0.05), "Stable and low", "Not stable or high") -> Stable and low | I21: =IFERROR(IF(SUMPRODUCT(--('2024 Data'!B23:L23 <= '2024 Data'!C23:M23)) = COLUMNS('2024 Data'!B23:M23) - 1, "Constant increase", "Not constant"), "Insufficient data") -> Not constant

Sheet Moving Average
A1: Foi - 2024 Quarterly Moving Average
A2: =NOW() -> 46203.856
A7: Quarterly Moving Average | B7: JAN FEB MAR | C7: FEB MAR APR | D7: MAR APR MAY | E7: APR MAY JUN | F7: MAY JUN JUL | G7: JUN JUL AUG | H7: JUL AUG SEP | I7: AUG SEP OCT | J7: SEP OCT NOV | K7: OCT NOV DEC
A8: Months | B8: March | C8: April | D8: May | E8: June | F8: July | G8: August | H8: September | I8: October | J8: November | K8: December
A9: All items | B9: =AVERAGE('2024 Data'!B10:D10) -> 119.26667 | C9: =AVERAGE('2024 Data'!C10:E10) -> 119.3 | D9: =AVERAGE('2024 Data'!D10:F10) -> 119.36667 | E9: =AVERAGE('2024 Data'!E10:G10) -> 119.43333 | F9: =AVERAGE('2024 Data'!F10:H10) -> 119.66667 | G9: =AVERAGE('2024 Data'!G10:I10) -> 119.86667 | H9: =AVERAGE('2024 Data'!H10:J10) -> 120.03333 | I9: =AVERAGE('2024 Data'!I10:K10) -> 120.03333 | ... K9: =AVERAGE('2024 Data'!K10:M10) -> 120.06667
A10: food and non-alcoholic beverages | B10: =AVERAGE('2024 Data'!B11:D11) -> 129.73333 | C10: =AVERAGE('2024 Data'!C11:E11) -> 129.56667 | D10: =AVERAGE('2024 Data'!D11:F11) -> 129.7 | E10: =AVERAGE('2024 Data'!E11:G11) -> 129.83333 | F10: =AVERAGE('2024 Data'!F11:H11) -> 129.76667 | G10: =AVERAGE('2024 Data'!G11:I11) -> 129.56667 | H10: =AVERAGE('2024 Data'!H11:J11) -> 129.53333 | I10: =AVERAGE('2024 Data'!I11:K11) -> 130.2 | ... K10: =AVERAGE('2024 Data'!K11:M11) -> 131.73333
A11: health | B11: =AVERAGE('2024 Data'!B16:D16) -> 106.73333 | C11: =AVERAGE('2024 Data'!C16:E16) -> 106.93333 | D11: =AVERAGE('2024 Data'!D16:F16) -> 107.1 | E11: =AVERAGE('2024 Data'!E16:G16) -> 107.2 | F11: =AVERAGE('2024 Data'!F16:H16) -> 107.3 | G11: =AVERAGE('2024 Data'!G16:I16) -> 107.36667 | H11: =AVERAGE('2024 Data'!H16:J16) -> 107.43333 | I11: =AVERAGE('2024 Data'!I16:K16) -> 107.5 | ... K11: =AVERAGE('2024 Data'!K16:M16) -> 107.63333
A12: transport | B12: =AVERAGE('2024 Data'!B17:D17) -> 122.96667 | C12: =AVERAGE('2024 Data'!C17:E17) -> 124 | D12: =AVERAGE('2024 Data'!D17:F17) -> 124.3 | E12: =AVERAGE('2024 Data'!E17:G17) -> 124.2 | F12: =AVERAGE('2024 Data'!F17:H17) -> 124.06667 | G12: =AVERAGE('2024 Data'!G17:I17) -> 124.13333 | H12: =AVERAGE('2024 Data'!H17:J17) -> 123.66667 | I12: =AVERAGE('2024 Data'!I17:K17) -> 122.86667 | ... K12: =AVERAGE('2024 Data'!K17:M17) -> 122.2

Sheet Prices Chart
A1: Foi - Monthly Trend Chart
A2: =NOW() -> 46203.856
